BK,Ownership,Mall,Playland,DriveThru,Lon,Lat,Price,Opening,Address,,
1,6,0,1,0,-121.93342,37.26233,3.19,900924,"2035 Camden Ave, San Jose, CA 95124",,
1,5,0,1,1,-121.95012,37.29422,3.19,770628,"49 W Hamilton Ave, Campbell, CA 95008",,
1,5,0,0,1,-121.56737,37.02138,3.19,920402,"450 Leavesley Rd, Gilroy, CA 95020",,
1,4,0,0,1,-121.87737,37.41506,3.29,861114,"1475 Dempsey Rd, Milpitas, CA 95035",,
1,0,0,0,1,-121.92238,37.45899,3.19,941122,"49103 Milmont Dr, Fremont, CA 94538",,
1,5,0,1,1,-121.90849,37.42967,3.19,780405,"175 W Calaveras Blvd, Milpitas, CA 95035",,
1,0,1,0,0,-121.89638,37.41924,3.69,960105,"447 Great Mall Dr, Milpitas, CA 95035",,
1,5,0,0,1,-121.64201,37.11327,3.19,920402,"16000 Monterey Hwy, Morgan Hill, CA 95037",,
1,5,0,1,1,-121.63543,37.13064,3.19,930809,"17050 Laurel Rd, Morgan Hill, CA 95037",,
1,6,0,0,1,-122.07148,37.37933,3.19,860512,"175 E El Camino Real, Mountain View, CA 94040",,
1,6,0,0,0,-122.11217,37.40183,3.19,770427,"685 San Antonio Rd Suite 15, Mountain View, CA 94040",,
1,0,0,0,0,-122.16162,37.44491,3.49,860604,"538 Ramona St, Palo Alto, CA 94301",,
1,4,0,0,1,-122.03169,37.3103,3.29,841102,"1007 S De Anza Blvd, San Jose, CA 95129",,
1,0,0,0,1,-121.85318,37.33356,3.29,890707,"1030 McLaughlin Ave, San Jose, CA 95122",,
1,0,0,0,0,-121.89943,37.3074,3.29,970121,"1175 Lincoln Ave, San Jose, CA 95125",,
1,0,0,0,1,-121.89118,37.36586,3.39,880407,"1181 Old Oakland Rd, San Jose, CA 95112",,
1,0,0,0,0,-121.93684,37.33764,3.49,920317,"1305 N Bascom Ave, San Jose, CA 95128",,
1,3,0,0,0,-121.99096,37.2918,3.19,820608,"5205 Prospect Rd, San Jose, CA 95129",,
1,0,0,0,0,-121.91261,37.2922,3.29,921009,"1580 Hamilton Ave, San Jose, CA 95125",,
1,5,0,0,1,-121.86077,37.30408,3.19,900522,"2280 Monterey Hwy, San Jose, CA 95112",,
1,0,0,0,1,-121.93885,37.37878,3.29,100000,"2532 Channing Ave, San Jose, CA 95131",,
1,5,0,1,1,-121.91037,37.32406,3.19,821216,"255 Race St, San Jose, CA 95126",,
1,5,0,1,1,-121.8184,37.356,3.19,920414,"3098 Story Rd, San Jose, CA 95127",,
1,0,0,0,1,-121.84258,37.3702,3.29,780602,"329 N Capitol Ave, San Jose, CA 95133",,
1,5,0,0,1,-121.94965,37.32251,3.19,920414,"369 S Winchester Blvd, San Jose, CA 95128",,
1,3,0,0,1,-121.97238,37.3196,3.19,751210,"405 Saratoga Ave, San Jose, CA 95129",,
1,7,0,0,1,-121.83418,37.27845,3.29,100000,"4040 Monterey Hwy, San Jose, CA 95111",,
1,0,0,0,1,-121.99095,37.31036,3.19,960214,"5154 Moorpark Ave, San Jose, CA 95129",,
1,5,0,1,0,-121.82995,37.23667,3.19,930929,"6009 Snell Avenue, Santa Teresa Blvd, San Jose, CA 95123",,
1,7,0,0,1,-121.83165,37.294,3.29,810928,"635 E Capitol Expy, San Jose, CA 95111",,
1,4,0,0,0,-121.86295,37.22294,3.29,911010,"6484 Camden Ave, San Jose, CA 95120",,
1,5,0,1,1,-121.86209,37.24984,3.19,770804,"936 Blossom Hill Rd, San Jose, CA 95123",,
1,0,1,0,0,-121.81413,37.32631,3.29,901220,"2200 Eastridge Loop, San Jose, CA 95122",,
1,6,0,0,1,-121.95855,37.35218,3.19,890609,"1950 El Camino Real, Santa Clara, CA 95050",,
1,6,0,0,1,-121.97712,37.38161,3.19,830914,"2845 Augustine Dr, Santa Clara, CA 95054",,
1,0,0,0,1,-121.9983,37.35165,3.29,760519,"3750 El Camino Real, Santa Clara, CA 95051",,
1,6,0,0,1,-122.03179,37.36728,3.19,830429,"116 E El Camino Real, Sunnyvale, CA 94085",,
1,6,0,0,1,-122.028,37.39529,3.19,970800,"773 N Mathilda Ave, Sunnyvale, CA 94085",,
2,1,1,0,0,-122.01383,37.32479,3.19,770627,"19439 Stevens Creek Blvd, Cupertino, CA 95014",,
2,0,0,1,1,-122.04019,37.33714,4.09,761005,"10990 N Stelling Rd, Cupertino, CA 95014",,
2,11,0,1,1,-121.55949,37.00158,3.79,881031,"393 E 10th St, Gilroy, CA 95020",,
2,0,0,0,0,-121.56027,37.01708,3.49,950522,"8200 Arroyo Cir, Gilroy, CA 95020",,
2,11,0,1,1,-121.58459,37.01369,3.79,900600,"797 1st St, Gilroy, CA 95020",,
2,11,0,0,1,-121.56221,37.02336,3.79,930614,"641 Leavesley Rd, Gilroy, CA 95020",,
2,1,0,1,0,-121.95821,37.24322,2.99,771101,"15475 Los Gatos Blvd, Los Gatos, CA 95032",,
2,1,0,0,1,-121.90065,37.4162,3.09,100000,"1246 Great Mall Dr, Milpitas, CA 95035",,
2,1,0,0,1,-121.87192,37.41745,2.99,711013,"1795 Landess Ave, Milpitas, CA 95035",,
2,1,0,1,1,-121.91042,37.45718,4.09,900522,"100 Dixon Rd, Milpitas, CA 95035",,
2,1,0,0,0,-121.91919,37.43184,2.99,940928,"260 Ranch Dr, Milpitas, CA 95035",,
2,1,0,0,1,-121.92211,37.42734,2.99,941121,"50 Ranch Dr, Milpitas, CA 95035",,
2,1,0,1,1,-121.89916,37.43311,2.99,811117,"99 N Milpitas Blvd, Milpitas, CA 95035",,
2,0,1,0,0,-121.89567,37.41737,3.09,970116,"447 Great Mall Dr, Milpitas, CA 95035",,
2,10,0,1,1,-121.63041,37.13413,3.39,960409,"17000 Condit Rd, Morgan Hill, CA 95037",,
2,10,0,1,1,-121.64126,37.11193,3.39,100000,"201 Vineyard Town Ctr Wy, Morgan Hill, CA 95037",,
2,10,0,0,1,-121.65347,37.15126,3.39,901221,"135 Cochrane Plaza, Morgan Hill, CA 95037",,
2,8,0,0,1,-122.09243,37.41953,3.69,941223,"1159 N Rengstorff Ave, Mountain View, CA 94043",,
2,8,0,0,0,-122.10848,37.4002,3.69,951030,"2540 W El Camino Real, Mountain View, CA 94040",,
2,8,0,1,1,-122.09537,37.39108,3.69,700917,"952 El Monte Ave, Mountain View, CA 94040",,
2,0,1,1,0,-122.16995,37.44308,2.99,770610,"300 Stanford Shopping Center, Palo Alto, CA 94304",,
2,8,0,0,1,-122.13797,37.4208,3.69,741202,"3128 El Camino Real, Palo Alto, CA 94306",,
2,0,0,1,1,-121.82117,37.30045,3.19,790705,"1033 E Capitol Expy, San Jose, CA 95121",,
2,9,1,0,0,-121.86042,37.25115,3.29,841109,"925 Blossom Hill Rd, San Jose, CA 95123",,
2,2,0,0,0,-121.97723,37.30605,3.59,740109,"1072 Saratoga Ave, San Jose, CA 95129",,
2,0,0,0,1,-121.85983,37.38682,3.09,780410,"1142 N Capitol Ave, San Jose, CA 95132",,
2,1,0,1,1,-122.03141,37.30371,2.99,740109,"1146 S De Anza Blvd, San Jose, CA 95129",,
2,1,0,1,1,-121.86373,37.34839,2.99,951003,"1299 E Santa Clara St, San Jose, CA 95116",,
2,1,0,0,1,-121.88642,37.2458,2.99,740117,"1365 Blossom Hill Rd, San Jose, CA 95118",,
2,2,0,0,1,-121.91233,37.323,3.29,960105,"1398 W San Carlos St, San Jose, CA 95126",,
2,2,0,0,0,-121.94901,37.29864,3.59,740109,"1435 S Winchester Blvd, San Jose, CA 95128",,
2,1,0,0,1,-121.83063,37.26699,2.99,900420,"163 Branham Ln, San Jose, CA 95136",,
2,0,0,0,1,-121.89489,37.38335,3.39,971110,"1702 Old Oakland Rd, San Jose, CA 95131",,
2,2,0,1,0,-121.92001,37.26191,3.29,861230,"1869 Camden Ave, San Jose, CA 95124",,
2,0,0,0,1,-121.8208,37.3256,3.19,760217,"1992 Tully Rd, San Jose, CA 95122",,
2,1,0,0,1,-121.91812,37.37422,2.99,801010,"2077 N First St, San Jose, CA 95131",,
2,0,0,1,1,-121.8478,37.36635,3.19,740304,"2353 McKee Rd, San Jose, CA 95116",,
2,1,0,0,1,-121.88254,37.28523,2.99,740128,"2434 Almaden Rd, San Jose, CA 95125",,
2,1,0,1,1,-121.82658,37.35072,2.99,760920,"2680 Story Rd, San Jose, CA 95122",,
2,9,0,0,0,-121.90492,37.27146,3.29,740110,"3085 Meridian Ave, San Jose, CA 95124",,
2,9,0,0,0,-121.79159,37.3155,3.29,801112,"3221 S White Rd, San Jose, CA 95148",,
2,1,0,1,0,-121.83028,37.25121,2.99,740118,"456 Blossom Hill Rd, San Jose, CA 95123",,
2,2,0,0,1,-121.99177,37.32298,3.59,951121,"5122 Stevens Creek Blvd, San Jose, CA 95129",,
2,0,0,1,1,-121.99626,37.29223,4.09,771101,"18578 Prospect Rd, Saratoga, CA 95070",,
2,10,0,0,0,-121.79759,37.25412,3.39,970129,"5508 Monterey Hwy, San Jose, CA 95138",,duplicate
2,10,0,0,1,-121.79738,37.2537,3.39,911126,"5508 Monterey Hwy, San Jose, CA 95138",,duplicate
2,0,0,1,1,-121.84729,37.30821,3.19,870413,"585 Tully Rd, San Jose, CA 95112",,
2,10,0,1,0,-121.8721,37.23631,3.39,931100,"5925 Almaden Expy, San Jose, CA 95120",,
2,1,0,0,0,-121.80248,37.23668,2.99,830500,"6199 Santa Teresa Blvd Suite C, San Jose, CA 95123",,
2,2,0,0,1,-121.93059,37.31101,3.29,740228,"898 S Bascom Ave, San Jose, CA 95128",,
2,1,0,0,0,-121.88417,37.33251,2.99,740304,"148 E San Carlos St, San Jose, CA 95112",,
2,0,1,0,0,-121.81425,37.32651,3.29,820412,"2200 Eastridge Loop, San Jose, CA 95122",,
2,0,0,0,1,-121.93803,37.35837,3.39,971119,"1451 Coleman Ave, Santa Clara, CA 95050",,
2,0,0,1,1,-121.95868,37.35218,2.99,790111,"1950 El Camino Real, Santa Clara, CA 95050",,
2,1,0,0,1,-121.97723,37.38161,2.99,800724,"2850 Augustine Dr, Santa Clara, CA 95054",,
2,1,0,1,1,-121.99207,37.33778,2.99,910228,"3509 Homestead Rd, Santa Clara, CA 95051",,
2,0,0,0,1,-121.96827,37.32299,3.59,881221,"3895 Stevens Creek Blvd, Santa Clara, CA 95051",,
2,8,0,0,1,-122.05439,37.37347,3.69,740109,"601 S Bernardo Ave, Sunnyvale, CA 94087",,
2,8,1,0,0,-122.03212,37.37347,3.69,841121,"298 W McKinley Ave, Sunnyvale, CA 94086",,
2,1,0,0,1,-121.99472,37.38646,2.99,771205,"550 Lawrence Expy, Sunnyvale, CA 94086",,
2,8,0,0,1,-122.02577,37.36258,3.69,740109,"556 E El Camino Real, Sunnyvale, CA 94086",,
2,0,0,0,1,-122.02883,37.39239,3.59,840104,"696 N Mathilda Ave, Sunnyvale, CA 94085",,